{
	// Place your snippets for javascriptreact here. Each snippet is defined under a snippet name and has a prefix, body and 
	// description. The prefix is what is used to trigger the snippet and the body will be expanded and inserted. Possible variables are:
	// $1, $2 for tab stops, $0 for the final cursor position, and ${1:label}, ${2:another} for placeholders. Placeholders with the 
	// same ids are connected.
	// Example:
	// "Print to console": {
	// 	"prefix": "log",
	// 	"body": [
	// 		"console.log('$1');",
	// 		"$2"
	// 	],
	// 	"description": "Log output to console"
	// }
		"React Functional Component + useState and useEffect": {
		"prefix": "fl-rfc",
		"body": [
			"import React, { useState, useEffect } from 'react';",
			"",
			"const $TM_FILENAME_BASE = (props) => {",
			"  const [ isLoading, setIsLoading ] = useState(true);",
			"",
			"  useEffect(() => {",
			"  // Documentation hooks as lifecycle-methods:",
			"  // https://dev.to/trentyang/replace-lifecycle-with-hooks-in-react-3d4n",
			"  }, []);",
			"",
			"  return (",
			"    <div>",
			"      <h1>Snippet(fl-rsc)</h1>",
			"    </div>",
			"  );",
			"};",
			"",
			"export default $TM_FILENAME_BASE;"
		],
		"description": "React/func/state/effect"
	},
}