<?xml version="1.0" encoding="UTF-8"?>

<channel name="xfce4-keyboard-shortcuts" version="1.0">
  <property name="commands" type="empty">
    <property name="default" type="empty">
      <property name="&lt;Alt&gt;F1" type="empty"/>
      <property name="&lt;Alt&gt;F2" type="empty">
        <property name="startup-notify" type="empty"/>
      </property>
      <property name="&lt;Alt&gt;F3" type="empty">
        <property name="startup-notify" type="empty"/>
      </property>
      <property name="&lt;Primary&gt;&lt;Alt&gt;Delete" type="empty"/>
      <property name="&lt;Primary&gt;&lt;Alt&gt;l" type="empty"/>
      <property name="&lt;Primary&gt;&lt;Alt&gt;t" type="empty"/>
      <property name="XF86Display" type="empty"/>
      <property name="&lt;Super&gt;p" type="empty"/>
      <property name="&lt;Primary&gt;Escape" type="empty"/>
      <property name="XF86WWW" type="empty"/>
      <property name="HomePage" type="empty"/>
      <property name="XF86Mail" type="empty"/>
      <property name="Print" type="empty"/>
      <property name="&lt;Alt&gt;Print" type="empty"/>
      <property name="&lt;Shift&gt;Print" type="empty"/>
      <property name="&lt;Super&gt;e" type="empty"/>
      <property name="&lt;Primary&gt;&lt;Alt&gt;f" type="empty"/>
      <property name="&lt;Primary&gt;&lt;Alt&gt;Escape" type="empty"/>
      <property name="&lt;Primary&gt;&lt;Shift&gt;Escape" type="empty"/>
      <property name="&lt;Super&gt;r" type="empty">
        <property name="startup-notify" type="empty"/>
      </property>
      <property name="&lt;Alt&gt;&lt;Super&gt;s" type="empty"/>
    </property>
    <property name="custom" type="empty">
      <property name="&lt;Super&gt;r" type="string" value="xfce4-appfinder -c">
        <property name="startup-notify" type="bool" value="true"/>
      </property>
      <property name="XF86WWW" type="string" value="exo-open --launch WebBrowser"/>
      <property name="XF86Mail" type="string" value="exo-open --launch MailReader"/>
      <property name="Print" type="string" value="xfce4-screenshooter"/>
      <property name="&lt;Super&gt;e" type="string" value="thunar"/>
      <property name="HomePage" type="string" value="exo-open --launch WebBrowser"/>
      <property name="override" type="bool" value="true"/>
      <property name="&lt;Super&gt;space" type="string" value="xfce4-appfinder">
        <property name="startup-notify" type="bool" value="true"/>
      </property>
      <property name="&lt;Primary&gt;&lt;Alt&gt;Delete" type="string" value="xfce4-taskmanager"/>
      <property name="&lt;Super&gt;x" type="string" value="xfce4-screenshooter"/>
      <property name="&lt;Super&gt;w" type="string" value="exo-open --launch WebBrowser"/>
      <property name="&lt;Super&gt;f" type="string" value="catfish"/>
      <property name="&lt;Super&gt;v" type="string" value="baobab"/>
      <property name="&lt;Super&gt;Tab" type="string" value="rofi -show window"/>
      <property name="&lt;Super&gt;g" type="string" value="galculator"/>
      <property name="&lt;Super&gt;b" type="string" value="thunar -B"/>
      <property name="&lt;Super&gt;z" type="string" value="simplescreenrecorder --logfile"/>
      <property name="&lt;Super&gt;Escape" type="string" value="xfce4-find-cursor"/>
      <property name="&lt;Primary&gt;&lt;Alt&gt;Escape" type="string" value="xkill"/>
      <property name="XF86Display" type="string" value="xfce4-display-settings"/>
      <property name="&lt;Super&gt;d" type="string" value="xfce4-display-settings"/>
      <property name="&lt;Super&gt;l" type="string" value="xflock4"/>
      <property name="&lt;Super&gt;a" type="string" value="stacer"/>
      <property name="&lt;Super&gt;c" type="string" value="xfce4-settings-manager"/>
      <property name="&lt;Super&gt;s" type="string" value="pavucontrol"/>
      <property name="&lt;Super&gt;Return" type="string" value="xfce4-terminal --maximize -e &quot;bash -c &apos;echo &quot;&quot;;neofetch;zsh&apos;&quot;"/>
      <property name="&lt;Super&gt;t" type="string" value="xfce4-terminal --maximize -e &quot;bash -c &apos;echo &quot;&quot;;neofetch;zsh&apos;&quot;"/>
      <property name="&lt;Primary&gt;&lt;Super&gt;space" type="string" value="thunar -B"/>
      <property name="&lt;Primary&gt;&lt;Alt&gt;Return" type="string" value="xfce4-session-logout"/>
      <property name="&lt;Primary&gt;&lt;Alt&gt;BackSpace" type="string" value="xfce4-session-logout --logout"/>
    </property>
  </property>
  <property name="xfwm4" type="empty">
    <property name="default" type="empty">
      <property name="&lt;Alt&gt;Insert" type="empty"/>
      <property name="Escape" type="empty"/>
      <property name="Left" type="empty"/>
      <property name="Right" type="empty"/>
      <property name="Up" type="empty"/>
      <property name="Down" type="empty"/>
      <property name="&lt;Alt&gt;Tab" type="empty"/>
      <property name="&lt;Alt&gt;&lt;Shift&gt;Tab" type="empty"/>
      <property name="&lt;Alt&gt;Delete" type="empty"/>
      <property name="&lt;Primary&gt;&lt;Alt&gt;Down" type="empty"/>
      <property name="&lt;Primary&gt;&lt;Alt&gt;Left" type="empty"/>
      <property name="&lt;Shift&gt;&lt;Alt&gt;Page_Down" type="empty"/>
      <property name="&lt;Alt&gt;F4" type="empty"/>
      <property name="&lt;Alt&gt;F6" type="empty"/>
      <property name="&lt;Alt&gt;F7" type="empty"/>
      <property name="&lt;Alt&gt;F8" type="empty"/>
      <property name="&lt;Alt&gt;F9" type="empty"/>
      <property name="&lt;Alt&gt;F10" type="empty"/>
      <property name="&lt;Alt&gt;F11" type="empty"/>
      <property name="&lt;Alt&gt;F12" type="empty"/>
      <property name="&lt;Primary&gt;&lt;Shift&gt;&lt;Alt&gt;Left" type="empty"/>
      <property name="&lt;Primary&gt;&lt;Alt&gt;End" type="empty"/>
      <property name="&lt;Primary&gt;&lt;Alt&gt;Home" type="empty"/>
      <property name="&lt;Primary&gt;&lt;Shift&gt;&lt;Alt&gt;Right" type="empty"/>
      <property name="&lt;Primary&gt;&lt;Shift&gt;&lt;Alt&gt;Up" type="empty"/>
      <property name="&lt;Primary&gt;&lt;Alt&gt;KP_1" type="empty"/>
      <property name="&lt;Primary&gt;&lt;Alt&gt;KP_2" type="empty"/>
      <property name="&lt;Primary&gt;&lt;Alt&gt;KP_3" type="empty"/>
      <property name="&lt;Primary&gt;&lt;Alt&gt;KP_4" type="empty"/>
      <property name="&lt;Primary&gt;&lt;Alt&gt;KP_5" type="empty"/>
      <property name="&lt;Primary&gt;&lt;Alt&gt;KP_6" type="empty"/>
      <property name="&lt;Primary&gt;&lt;Alt&gt;KP_7" type="empty"/>
      <property name="&lt;Primary&gt;&lt;Alt&gt;KP_8" type="empty"/>
      <property name="&lt;Primary&gt;&lt;Alt&gt;KP_9" type="empty"/>
      <property name="&lt;Alt&gt;space" type="empty"/>
      <property name="&lt;Shift&gt;&lt;Alt&gt;Page_Up" type="empty"/>
      <property name="&lt;Primary&gt;&lt;Alt&gt;Right" type="empty"/>
      <property name="&lt;Primary&gt;&lt;Alt&gt;d" type="empty"/>
      <property name="&lt;Primary&gt;&lt;Alt&gt;Up" type="empty"/>
      <property name="&lt;Super&gt;Tab" type="empty"/>
      <property name="&lt;Primary&gt;F1" type="empty"/>
      <property name="&lt;Primary&gt;F2" type="empty"/>
      <property name="&lt;Primary&gt;F3" type="empty"/>
      <property name="&lt;Primary&gt;F4" type="empty"/>
      <property name="&lt;Primary&gt;F5" type="empty"/>
      <property name="&lt;Primary&gt;F6" type="empty"/>
      <property name="&lt;Primary&gt;F7" type="empty"/>
      <property name="&lt;Primary&gt;F8" type="empty"/>
      <property name="&lt;Primary&gt;F9" type="empty"/>
      <property name="&lt;Primary&gt;F10" type="empty"/>
      <property name="&lt;Primary&gt;F11" type="empty"/>
      <property name="&lt;Primary&gt;F12" type="empty"/>
      <property name="&lt;Super&gt;KP_Left" type="empty"/>
      <property name="&lt;Super&gt;KP_Right" type="empty"/>
      <property name="&lt;Super&gt;KP_Down" type="empty"/>
      <property name="&lt;Super&gt;KP_Up" type="empty"/>
      <property name="&lt;Super&gt;KP_Page_Up" type="empty"/>
      <property name="&lt;Super&gt;KP_Home" type="empty"/>
      <property name="&lt;Super&gt;KP_End" type="empty"/>
      <property name="&lt;Super&gt;KP_Next" type="empty"/>
    </property>
    <property name="custom" type="empty">
      <property name="&lt;Primary&gt;&lt;Shift&gt;&lt;Alt&gt;Left" type="string" value="move_window_left_key"/>
      <property name="&lt;Primary&gt;&lt;Shift&gt;&lt;Alt&gt;Right" type="string" value="move_window_right_key"/>
      <property name="&lt;Primary&gt;&lt;Shift&gt;&lt;Alt&gt;Up" type="string" value="move_window_up_key"/>
      <property name="override" type="bool" value="true"/>
      <property name="&lt;Alt&gt;Tab" type="string" value="cycle_windows_key"/>
      <property name="&lt;Super&gt;q" type="string" value="close_window_key"/>
      <property name="&lt;Alt&gt;&lt;Super&gt;1" type="string" value="move_window_workspace_1_key"/>
      <property name="&lt;Alt&gt;&lt;Super&gt;2" type="string" value="move_window_workspace_2_key"/>
      <property name="&lt;Alt&gt;&lt;Super&gt;3" type="string" value="move_window_workspace_3_key"/>
      <property name="&lt;Alt&gt;&lt;Super&gt;4" type="string" value="move_window_workspace_4_key"/>
      <property name="&lt;Alt&gt;&lt;Super&gt;5" type="string" value="move_window_workspace_5_key"/>
      <property name="&lt;Alt&gt;&lt;Super&gt;6" type="string" value="move_window_workspace_6_key"/>
      <property name="&lt;Alt&gt;&lt;Super&gt;7" type="string" value="move_window_workspace_7_key"/>
      <property name="&lt;Alt&gt;&lt;Super&gt;8" type="string" value="move_window_workspace_8_key"/>
      <property name="&lt;Primary&gt;&lt;Super&gt;Left" type="string" value="prev_workspace_key"/>
      <property name="&lt;Primary&gt;&lt;Super&gt;Right" type="string" value="next_workspace_key"/>
      <property name="&lt;Alt&gt;&lt;Super&gt;Right" type="string" value="move_window_next_workspace_key"/>
      <property name="&lt;Alt&gt;&lt;Super&gt;Left" type="string" value="move_window_prev_workspace_key"/>
      <property name="&lt;Shift&gt;&lt;Super&gt;Down" type="string" value="move_window_to_monitor_down_key"/>
      <property name="&lt;Shift&gt;&lt;Super&gt;Left" type="string" value="move_window_to_monitor_left_key"/>
      <property name="&lt;Shift&gt;&lt;Super&gt;Right" type="string" value="move_window_to_monitor_right_key"/>
      <property name="&lt;Shift&gt;&lt;Super&gt;Up" type="string" value="move_window_to_monitor_up_key"/>
      <property name="&lt;Super&gt;Left" type="string" value="tile_left_key"/>
      <property name="&lt;Super&gt;Right" type="string" value="tile_right_key"/>
      <property name="&lt;Super&gt;1" type="string" value="workspace_1_key"/>
      <property name="&lt;Super&gt;2" type="string" value="workspace_2_key"/>
      <property name="&lt;Super&gt;3" type="string" value="workspace_3_key"/>
      <property name="&lt;Super&gt;4" type="string" value="workspace_4_key"/>
      <property name="&lt;Super&gt;5" type="string" value="workspace_5_key"/>
      <property name="&lt;Super&gt;6" type="string" value="workspace_6_key"/>
      <property name="&lt;Super&gt;7" type="string" value="workspace_7_key"/>
      <property name="&lt;Super&gt;8" type="string" value="workspace_8_key"/>
      <property name="&lt;Super&gt;Up" type="string" value="maximize_window_key"/>
      <property name="&lt;Primary&gt;&lt;Super&gt;Up" type="string" value="up_workspace_key"/>
      <property name="&lt;Primary&gt;&lt;Super&gt;Down" type="string" value="down_workspace_key"/>
      <property name="&lt;Alt&gt;&lt;Super&gt;Up" type="string" value="move_window_up_workspace_key"/>
      <property name="&lt;Alt&gt;&lt;Super&gt;Down" type="string" value="move_window_down_workspace_key"/>
      <property name="&lt;Super&gt;Down" type="string" value="hide_window_key"/>
      <property name="&lt;Alt&gt;&lt;Super&gt;BackSpace" type="string" value="show_desktop_key"/>
      <property name="&lt;Alt&gt;&lt;Super&gt;Return" type="string" value="stick_window_key"/>
      <property name="&lt;Alt&gt;&lt;Super&gt;space" type="string" value="popup_menu_key"/>
      <property name="&lt;Alt&gt;&lt;Super&gt;f" type="string" value="fullscreen_key"/>
      <property name="&lt;Alt&gt;&lt;Super&gt;Shift_R" type="string" value="above_key"/>
    </property>
  </property>
  <property name="providers" type="array">
    <value type="string" value="xfwm4"/>
    <value type="string" value="commands"/>
  </property>
</channel>
