<?xml version="1.0" encoding="UTF-8"?>

<channel name="xfce4-panel" version="1.0">
  <property name="configver" type="int" value="2"/>
  <property name="panels" type="array">
    <value type="int" value="1"/>
    <property name="dark-mode" type="bool" value="true"/>
    <property name="panel-1" type="empty">
      <property name="position" type="string" value="p=6;x=0;y=0"/>
      <property name="length" type="uint" value="100"/>
      <property name="position-locked" type="bool" value="true"/>
      <property name="icon-size" type="uint" value="0"/>
      <property name="size" type="uint" value="26"/>
      <property name="plugin-ids" type="array">
        <value type="int" value="11"/>
        <value type="int" value="5"/>
        <value type="int" value="6"/>
        <value type="int" value="8"/>
        <value type="int" value="9"/>
        <value type="int" value="10"/>
      </property>
      <property name="background-style" type="uint" value="1"/>
      <property name="background-rgba" type="array">
        <value type="double" value="0.219608"/>
        <value type="double" value="0.235294"/>
        <value type="double" value="0.290196"/>
        <value type="double" value="1.000000"/>
      </property>
    </property>
  </property>
  <property name="plugins" type="empty">
    <property name="plugin-5" type="string" value="separator">
      <property name="style" type="uint" value="0"/>
      <property name="expand" type="bool" value="true"/>
    </property>
    <property name="plugin-6" type="string" value="systray">
      <property name="square-icons" type="bool" value="true"/>
      <property name="known-legacy-items" type="array">
        <value type="string" value="networkmanager applet"/>
      </property>
      <property name="known-items" type="array">
        <value type="string" value="stacer"/>
      </property>
    </property>
    <property name="plugin-8" type="string" value="pulseaudio">
      <property name="enable-keyboard-shortcuts" type="bool" value="true"/>
      <property name="show-notifications" type="bool" value="true"/>
    </property>
    <property name="plugin-9" type="string" value="launcher">
      <property name="items" type="array">
        <value type="string" value="16581699252.desktop"/>
      </property>
    </property>
    <property name="plugin-10" type="string" value="directorymenu">
      <property name="base-directory" type="string" value="/home/fredrik"/>
    </property>
    <property name="plugin-11" type="string" value="appmenu">
      <property name="plugins" type="empty">
        <property name="plugin-11" type="empty">
          <property name="compact-mode" type="bool" value="false"/>
          <property name="bold-application-name" type="bool" value="true"/>
          <property name="expand" type="bool" value="true"/>
        </property>
      </property>
    </property>
  </property>
</channel>
