<?xml version="1.0" encoding="UTF-8"?>

<channel name="displays" version="1.0">
  <property name="ActiveProfile" type="string" value="Default"/>
  <property name="Default" type="empty">
    <property name="Virtual1" type="string" value="Virtual1">
      <property name="Active" type="bool" value="true"/>
      <property name="EDID" type="string" value=""/>
      <property name="Resolution" type="string" value="1920x977"/>
      <property name="RefreshRate" type="double" value="59.997685274487864"/>
      <property name="Rotation" type="int" value="0"/>
      <property name="Reflection" type="string" value="0"/>
      <property name="Primary" type="bool" value="true"/>
      <property name="Scale" type="empty">
        <property name="X" type="double" value="1"/>
        <property name="Y" type="double" value="1"/>
      </property>
      <property name="Position" type="empty">
        <property name="X" type="int" value="0"/>
        <property name="Y" type="int" value="0"/>
      </property>
    </property>
  </property>
  <property name="Fallback" type="empty">
    <property name="Virtual1" type="string" value="Virtual1">
      <property name="Active" type="bool" value="true"/>
      <property name="EDID" type="string" value=""/>
      <property name="Resolution" type="string" value="1920x977"/>
      <property name="RefreshRate" type="double" value="59.997685274487864"/>
      <property name="Rotation" type="int" value="0"/>
      <property name="Reflection" type="string" value="0"/>
      <property name="Primary" type="bool" value="true"/>
      <property name="Scale" type="empty">
        <property name="X" type="double" value="1"/>
        <property name="Y" type="double" value="1"/>
      </property>
      <property name="Position" type="empty">
        <property name="X" type="int" value="0"/>
        <property name="Y" type="int" value="0"/>
      </property>
    </property>
  </property>
  <property name="Notify" type="int" value="1"/>
</channel>
