<?xml version="1.0" encoding="UTF-8"?>

<channel name="xfce4-desktop" version="1.0">
  <property name="desktop-icons" type="empty">
    <property name="style" type="int" value="2"/>
    <property name="file-icons" type="empty">
      <property name="show-home" type="bool" value="false"/>
      <property name="show-filesystem" type="empty"/>
      <property name="show-removable" type="bool" value="false"/>
      <property name="show-trash" type="bool" value="false"/>
    </property>
    <property name="icon-size" type="empty"/>
    <property name="tooltip-size" type="empty"/>
    <property name="primary" type="bool" value="false"/>
    <property name="show-thumbnails" type="bool" value="false"/>
    <property name="show-hidden-files" type="bool" value="false"/>
    <property name="single-click" type="bool" value="false"/>
    <property name="use-custom-font-size" type="bool" value="false"/>
    <property name="show-tooltips" type="bool" value="true"/>
  </property>
  <property name="backdrop" type="empty">
    <property name="screen0" type="empty">
      <property name="monitor0" type="empty">
        <property name="image-path" type="empty"/>
        <property name="image-style" type="empty"/>
        <property name="image-show" type="empty"/>
      </property>
      <property name="monitor1" type="empty">
        <property name="image-path" type="empty"/>
        <property name="image-style" type="empty"/>
        <property name="image-show" type="empty"/>
      </property>
      <property name="monitor2" type="empty">
        <property name="image-path" type="empty"/>
        <property name="image-style" type="empty"/>
        <property name="image-show" type="empty"/>
      </property>
      <property name="monitor3" type="empty">
        <property name="image-path" type="empty"/>
        <property name="image-style" type="empty"/>
        <property name="image-show" type="empty"/>
      </property>
      <property name="monitorVirtual1" type="empty">
        <property name="workspace0" type="empty">
          <property name="color-style" type="int" value="0"/>
          <property name="image-style" type="int" value="5"/>
          <property name="last-image" type="string" value="/usr/share/backgrounds/xfce/xfce-leaves.svg"/>
        </property>
        <property name="workspace1" type="empty">
          <property name="color-style" type="int" value="0"/>
          <property name="image-style" type="int" value="5"/>
          <property name="last-image" type="string" value="/usr/share/xfce4/backdrops/xubuntu-wallpaper.png"/>
        </property>
        <property name="workspace2" type="empty">
          <property name="color-style" type="int" value="0"/>
          <property name="image-style" type="int" value="5"/>
          <property name="last-image" type="string" value="/usr/share/xfce4/backdrops/xubuntu-wallpaper.png"/>
        </property>
        <property name="workspace3" type="empty">
          <property name="color-style" type="int" value="0"/>
          <property name="image-style" type="int" value="5"/>
          <property name="last-image" type="string" value="/usr/share/xfce4/backdrops/xubuntu-wallpaper.png"/>
        </property>
        <property name="workspace4" type="empty">
          <property name="color-style" type="int" value="0"/>
          <property name="image-style" type="int" value="5"/>
          <property name="last-image" type="string" value="/usr/share/xfce4/backdrops/xubuntu-wallpaper.png"/>
        </property>
        <property name="workspace5" type="empty">
          <property name="color-style" type="int" value="0"/>
          <property name="image-style" type="int" value="5"/>
          <property name="last-image" type="string" value="/usr/share/xfce4/backdrops/xubuntu-wallpaper.png"/>
        </property>
        <property name="workspace6" type="empty">
          <property name="color-style" type="int" value="0"/>
          <property name="image-style" type="int" value="5"/>
          <property name="last-image" type="string" value="/usr/share/xfce4/backdrops/xubuntu-wallpaper.png"/>
        </property>
        <property name="workspace7" type="empty">
          <property name="color-style" type="int" value="0"/>
          <property name="image-style" type="int" value="5"/>
          <property name="last-image" type="string" value="/usr/share/xfce4/backdrops/xubuntu-wallpaper.png"/>
        </property>
      </property>
    </property>
  </property>
  <property name="desktop-menu" type="empty">
    <property name="show" type="bool" value="true"/>
    <property name="show-delete" type="bool" value="true"/>
    <property name="show-icons" type="bool" value="true"/>
  </property>
  <property name="last" type="empty">
    <property name="window-width" type="int" value="584"/>
    <property name="window-height" type="int" value="519"/>
  </property>
</channel>
