<?xml version="1.0" encoding="UTF-8"?>

<channel name="xfce4-notifyd" version="1.0">
  <property name="do-not-disturb" type="bool" value="false"/>
  <property name="applications" type="empty">
    <property name="known_applications" type="array">
      <value type="string" value="org.freedesktop.network-manager-applet"/>
      <value type="string" value="org.xfce.Thunar"/>
      <value type="string" value="Xfce volume control"/>
      <value type="string" value="xfce4-settings-helper"/>
    </property>
  </property>
</channel>
